{
  "Get Post Comments" : {
    "transaction" : "Get Post Comments",
    "sampleCount" : 50,
    "errorCount" : 0,
    "errorPct" : 0.0,
    "meanResTime" : 336.40000000000003,
    "medianResTime" : 206.0,
    "minResTime" : 147.0,
    "maxResTime" : 1129.0,
    "pct1ResTime" : 811.2,
    "pct2ResTime" : 950.6499999999999,
    "pct3ResTime" : 1129.0,
    "throughput" : 0.511629334779539,
    "receivedKBytesPerSec" : 1.4197214402109959,
    "sentKBytesPerSec" : 0.07294715124786394
  },
  "Post User Todos" : {
    "transaction" : "Post User Todos",
    "sampleCount" : 50,
    "errorCount" : 0,
    "errorPct" : 0.0,
    "meanResTime" : 420.34000000000003,
    "medianResTime" : 356.0,
    "minResTime" : 332.0,
    "maxResTime" : 1368.0,
    "pct1ResTime" : 494.79999999999995,
    "pct2ResTime" : 973.35,
    "pct3ResTime" : 1368.0,
    "throughput" : 0.5124315903826838,
    "receivedKBytesPerSec" : 0.735439416494148,
    "sentKBytesPerSec" : 0.1426201203701806
  },
  "Get Post Comments By Id" : {
    "transaction" : "Get Post Comments By Id",
    "sampleCount" : 50,
    "errorCount" : 0,
    "errorPct" : 0.0,
    "meanResTime" : 278.2799999999999,
    "medianResTime" : 205.0,
    "minResTime" : 142.0,
    "maxResTime" : 810.0,
    "pct1ResTime" : 684.5999999999997,
    "pct2ResTime" : 768.9999999999998,
    "pct3ResTime" : 810.0,
    "throughput" : 0.5123685774598816,
    "receivedKBytesPerSec" : 1.421702716065829,
    "sentKBytesPerSec" : 0.07355291102207284
  },
  "Get User Albums " : {
    "transaction" : "Get User Albums ",
    "sampleCount" : 50,
    "errorCount" : 0,
    "errorPct" : 0.0,
    "meanResTime" : 283.0599999999999,
    "medianResTime" : 197.0,
    "minResTime" : 143.0,
    "maxResTime" : 2032.0,
    "pct1ResTime" : 569.5999999999997,
    "pct2ResTime" : 1077.6999999999998,
    "pct3ResTime" : 2032.0,
    "throughput" : 0.5104176236997111,
    "receivedKBytesPerSec" : 1.0716576896967098,
    "sentKBytesPerSec" : 0.07177747833277187
  },
  "Get Posts By Id" : {
    "transaction" : "Get Posts By Id",
    "sampleCount" : 50,
    "errorCount" : 21,
    "errorPct" : 42.0,
    "meanResTime" : 246.95999999999992,
    "medianResTime" : 167.5,
    "minResTime" : 143.0,
    "maxResTime" : 2007.0,
    "pct1ResTime" : 309.6,
    "pct2ResTime" : 830.5999999999963,
    "pct3ResTime" : 2007.0,
    "throughput" : 0.5120013107233554,
    "receivedKBytesPerSec" : 0.8171520919093552,
    "sentKBytesPerSec" : 0.06850017536044892
  },
  "Options User Todos" : {
    "transaction" : "Options User Todos",
    "sampleCount" : 50,
    "errorCount" : 0,
    "errorPct" : 0.0,
    "meanResTime" : 425.7400000000001,
    "medianResTime" : 370.5,
    "minResTime" : 329.0,
    "maxResTime" : 1824.0,
    "pct1ResTime" : 524.1999999999999,
    "pct2ResTime" : 834.3499999999998,
    "pct3ResTime" : 1824.0,
    "throughput" : 0.5130467796053644,
    "receivedKBytesPerSec" : 0.6058060381758109,
    "sentKBytesPerSec" : 0.07365027011912947
  },
  "Options User Albums " : {
    "transaction" : "Options User Albums ",
    "sampleCount" : 50,
    "errorCount" : 0,
    "errorPct" : 0.0,
    "meanResTime" : 450.82000000000005,
    "medianResTime" : 366.0,
    "minResTime" : 329.0,
    "maxResTime" : 1745.0,
    "pct1ResTime" : 746.4,
    "pct2ResTime" : 826.6999999999999,
    "pct3ResTime" : 1745.0,
    "throughput" : 0.5127889565770312,
    "receivedKBytesPerSec" : 0.6055516775890715,
    "sentKBytesPerSec" : 0.07411402888027403
  },
  "Get Posts" : {
    "transaction" : "Get Posts",
    "sampleCount" : 50,
    "errorCount" : 0,
    "errorPct" : 0.0,
    "meanResTime" : 725.92,
    "medianResTime" : 435.5,
    "minResTime" : 292.0,
    "maxResTime" : 4689.0,
    "pct1ResTime" : 1410.5,
    "pct2ResTime" : 2825.3499999999876,
    "pct3ResTime" : 4689.0,
    "throughput" : 0.5085331868757755,
    "receivedKBytesPerSec" : 14.323462942551005,
    "sentKBytesPerSec" : 0.06704294944163056
  },
  "Get User Todos" : {
    "transaction" : "Get User Todos",
    "sampleCount" : 50,
    "errorCount" : 6,
    "errorPct" : 12.0,
    "meanResTime" : 340.2,
    "medianResTime" : 201.0,
    "minResTime" : 145.0,
    "maxResTime" : 2222.0,
    "pct1ResTime" : 737.8999999999999,
    "pct2ResTime" : 1494.1499999999962,
    "pct3ResTime" : 2222.0,
    "throughput" : 0.5130573085013596,
    "receivedKBytesPerSec" : 1.8067232953670926,
    "sentKBytesPerSec" : 0.07164765148017034
  },
  "Post User Albums " : {
    "transaction" : "Post User Albums ",
    "sampleCount" : 50,
    "errorCount" : 0,
    "errorPct" : 0.0,
    "meanResTime" : 396.2800000000001,
    "medianResTime" : 367.5,
    "minResTime" : 331.0,
    "maxResTime" : 891.0,
    "pct1ResTime" : 466.9,
    "pct2ResTime" : 635.9999999999989,
    "pct3ResTime" : 891.0,
    "throughput" : 0.5123738279448686,
    "receivedKBytesPerSec" : 0.7358068446738741,
    "sentKBytesPerSec" : 0.1310956473843316
  },
  "Post Request" : {
    "transaction" : "Post Request",
    "sampleCount" : 50,
    "errorCount" : 0,
    "errorPct" : 0.0,
    "meanResTime" : 460.64000000000004,
    "medianResTime" : 380.5,
    "minResTime" : 331.0,
    "maxResTime" : 1283.0,
    "pct1ResTime" : 916.3999999999996,
    "pct2ResTime" : 1094.1499999999992,
    "pct3ResTime" : 1283.0,
    "throughput" : 0.5128994204236549,
    "receivedKBytesPerSec" : 0.7487930835513156,
    "sentKBytesPerSec" : 0.12321607170333898
  },
  "Get Albums Photos" : {
    "transaction" : "Get Albums Photos",
    "sampleCount" : 50,
    "errorCount" : 0,
    "errorPct" : 0.0,
    "meanResTime" : 318.71999999999997,
    "medianResTime" : 208.0,
    "minResTime" : 152.0,
    "maxResTime" : 1430.0,
    "pct1ResTime" : 722.7999999999997,
    "pct2ResTime" : 1133.6999999999982,
    "pct3ResTime" : 1430.0,
    "throughput" : 0.5128625938538547,
    "receivedKBytesPerSec" : 6.043875314769417,
    "sentKBytesPerSec" : 0.07262214463750871
  },
  "Delete Post" : {
    "transaction" : "Delete Post",
    "sampleCount" : 50,
    "errorCount" : 0,
    "errorPct" : 0.0,
    "meanResTime" : 427.90000000000003,
    "medianResTime" : 397.5,
    "minResTime" : 334.0,
    "maxResTime" : 1061.0,
    "pct1ResTime" : 678.8999999999997,
    "pct2ResTime" : 782.2499999999998,
    "pct3ResTime" : 1061.0,
    "throughput" : 0.515182426097081,
    "receivedKBytesPerSec" : 0.6554086427003802,
    "sentKBytesPerSec" : 0.11219304787075103
  },
  "Total" : {
    "transaction" : "Total",
    "sampleCount" : 850,
    "errorCount" : 27,
    "errorPct" : 3.1764705,
    "meanResTime" : 401.245882352941,
    "medianResTime" : 351.0,
    "minResTime" : 142.0,
    "maxResTime" : 4689.0,
    "pct1ResTime" : 697.4999999999999,
    "pct2ResTime" : 924.1499999999995,
    "pct3ResTime" : 1776.8500000000006,
    "throughput" : 8.16122744860827,
    "receivedKBytesPerSec" : 31.729031421325768,
    "sentKBytesPerSec" : 1.7093195816650826
  },
  "Options Albums Photos" : {
    "transaction" : "Options Albums Photos",
    "sampleCount" : 50,
    "errorCount" : 0,
    "errorPct" : 0.0,
    "meanResTime" : 438.78,
    "medianResTime" : 367.5,
    "minResTime" : 328.0,
    "maxResTime" : 1161.0,
    "pct1ResTime" : 779.9,
    "pct2ResTime" : 940.649999999999,
    "pct3ResTime" : 1161.0,
    "throughput" : 0.5129099432721602,
    "receivedKBytesPerSec" : 0.6056544794989895,
    "sentKBytesPerSec" : 0.07463240385503113
  },
  "Post Albums Photos" : {
    "transaction" : "Post Albums Photos",
    "sampleCount" : 50,
    "errorCount" : 0,
    "errorPct" : 0.0,
    "meanResTime" : 418.3199999999999,
    "medianResTime" : 372.0,
    "minResTime" : 334.0,
    "maxResTime" : 981.0,
    "pct1ResTime" : 523.2,
    "pct2ResTime" : 946.6499999999997,
    "pct3ResTime" : 981.0,
    "throughput" : 0.5129099432721602,
    "receivedKBytesPerSec" : 0.7389810114327626,
    "sentKBytesPerSec" : 0.20736788722136165
  },
  "Post User Posts" : {
    "transaction" : "Post User Posts",
    "sampleCount" : 50,
    "errorCount" : 0,
    "errorPct" : 0.0,