{
  "Get Post Comments" : {
    "transaction" : "Get Post Comments",
    "sampleCount" : 5,
    "errorCount" : 0,
    "errorPct" : 0.0,
    "meanResTime" : 206.4,
    "medianResTime" : 201.0,
    "minResTime" : 162.0,
    "maxResTime" : 254.0,
    "pct1ResTime" : 254.0,
    "pct2ResTime" : 254.0,
    "pct3ResTime" : 254.0,
    "throughput" : 0.029318978761331785,
    "receivedKBytesPerSec" : 0.08134298697357772,
    "sentKBytesPerSec" : 0.0041802450187055085
  },
  "Post User Todos" : {
    "transaction" : "Post User Todos",
    "sampleCount" : 5,
    "errorCount" : 0,
    "errorPct" : 0.0,
    "meanResTime" : 374.8,
    "medianResTime" : 358.0,
    "minResTime" : 333.0,
    "maxResTime" : 419.0,
    "pct1ResTime" : 419.0,
    "pct2ResTime" : 419.0,
    "pct3ResTime" : 419.0,
    "throughput" : 0.02929184046492009,
    "receivedKBytesPerSec" : 0.041986878353915735,
    "sentKBytesPerSec" : 0.008152514191896705
  },
  "Get Post Comments By Id" : {
    "transaction" : "Get Post Comments By Id",
    "sampleCount" : 5,
    "errorCount" : 0,
    "errorPct" : 0.0,
    "meanResTime" : 163.6,
    "medianResTime" : 157.0,
    "minResTime" : 148.0,
    "maxResTime" : 198.0,
    "pct1ResTime" : 198.0,
    "pct2ResTime" : 198.0,
    "pct3ResTime" : 198.0,
    "throughput" : 0.0293262012012012,
    "receivedKBytesPerSec" : 0.08136875278598911,
    "sentKBytesPerSec" : 0.0042099136490005625
  },
  "Get User Albums " : {
    "transaction" : "Get User Albums ",
    "sampleCount" : 5,
    "errorCount" : 1,
    "errorPct" : 20.0,
    "meanResTime" : 34794.8,
    "medianResTime" : 298.0,
    "minResTime" : 145.0,
    "maxResTime" : 172431.0,
    "pct1ResTime" : 172431.0,
    "pct2ResTime" : 172431.0,
    "pct3ResTime" : 172431.0,
    "throughput" : 0.028997106088812338,
    "receivedKBytesPerSec" : 0.06616663875695206,
    "sentKBytesPerSec" : 0.0032621744349913876
  },
  "Get Posts By Id" : {
    "transaction" : "Get Posts By Id",
    "sampleCount" : 5,
    "errorCount" : 2,
    "errorPct" : 40.0,
    "meanResTime" : 323.4,
    "medianResTime" : 202.0,
    "minResTime" : 183.0,
    "maxResTime" : 830.0,
    "pct1ResTime" : 830.0,
    "pct2ResTime" : 830.0,
    "pct3ResTime" : 830.0,
    "throughput" : 0.02932774932986093,
    "receivedKBytesPerSec" : 0.04680410933091673,
    "sentKBytesPerSec" : 0.003923732088077097
  },
  "Options User Todos" : {
    "transaction" : "Options User Todos",
    "sampleCount" : 5,
    "errorCount" : 0,
    "errorPct" : 0.0,
    "meanResTime" : 363.6,
    "medianResTime" : 344.0,
    "minResTime" : 328.0,
    "maxResTime" : 409.0,
    "pct1ResTime" : 409.0,
    "pct2ResTime" : 409.0,
    "pct3ResTime" : 409.0,
    "throughput" : 0.029239766081871347,
    "receivedKBytesPerSec" : 0.03448236476608187,
    "sentKBytesPerSec" : 0.00419750548245614
  },
  "Options User Albums " : {
    "transaction" : "Options User Albums ",
    "sampleCount" : 5,
    "errorCount" : 0,
    "errorPct" : 0.0,
    "meanResTime" : 451.8,
    "medianResTime" : 408.0,
    "minResTime" : 369.0,
    "maxResTime" : 686.0,
    "pct1ResTime" : 686.0,
    "pct2ResTime" : 686.0,
    "pct3ResTime" : 686.0,
    "throughput" : 0.02922609305588029,
    "receivedKBytesPerSec" : 0.03453473886485854,
    "sentKBytesPerSec" : 0.004224083761982697
  },
  "Get Posts" : {
    "transaction" : "Get Posts",
    "sampleCount" : 5,
    "errorCount" : 1,
    "errorPct" : 20.0,
    "meanResTime" : 20871.4,
    "medianResTime" : 21356.0,
    "minResTime" : 17422.0,
    "maxResTime" : 22794.0,
    "pct1ResTime" : 22794.0,
    "pct2ResTime" : 22794.0,
    "pct3ResTime" : 22794.0,
    "throughput" : 0.17094601524838457,
    "receivedKBytesPerSec" : 3.9223095768231393,
    "sentKBytesPerSec" : 0.01802946254572806
  },
  "Get User Todos" : {
    "transaction" : "Get User Todos",
    "sampleCount" : 5,
    "errorCount" : 1,
    "errorPct" : 20.0,
    "meanResTime" : 252.4,
    "medianResTime" : 175.0,
    "minResTime" : 156.0,
    "maxResTime" : 505.0,
    "pct1ResTime" : 505.0,
    "pct2ResTime" : 505.0,
    "pct3ResTime" : 505.0,
    "throughput" : 0.029331706401351607,
    "receivedKBytesPerSec" : 0.10323385729538202,
    "sentKBytesPerSec" : 0.0040961269681575
  },
  "Post User Albums " : {
    "transaction" : "Post User Albums ",
    "sampleCount" : 5,
    "errorCount" : 0,
    "errorPct" : 0.0,
    "meanResTime" : 372.4,
    "medianResTime" : 360.0,
    "minResTime" : 338.0,
    "maxResTime" : 407.0,
    "pct1ResTime" : 407.0,
    "pct2ResTime" : 407.0,
    "pct3ResTime" : 407.0,
    "throughput" : 0.029294071465816748,
    "receivedKBytesPerSec" : 0.04206445574544624,
    "sentKBytesPerSec" : 0.007495162816449207
  },
  "Post Request" : {
    "transaction" : "Post Request",
    "sampleCount" : 5,
    "errorCount" : 0,
    "errorPct" : 0.0,
    "meanResTime" : 382.4,
    "medianResTime" : 382.0,
    "minResTime" : 346.0,
    "maxResTime" : 414.0,
    "pct1ResTime" : 414.0,
    "pct2ResTime" : 414.0,
    "pct3ResTime" : 414.0,
    "throughput" : 0.029263724686878146,
    "receivedKBytesPerSec" : 0.04275247278473604,
    "sentKBytesPerSec" : 0.007030152610324241
  },
  "Get Albums Photos" : {
    "transaction" : "Get Albums Photos",
    "sampleCount" : 5,
    "errorCount" : 0,
    "errorPct" : 0.0,
    "meanResTime" : 184.4,
    "medianResTime" : 190.0,
    "minResTime" : 157.0,
    "maxResTime" : 211.0,
    "pct1ResTime" : 211.0,
    "pct2ResTime" : 211.0,
    "pct3ResTime" : 211.0,
    "throughput" : 0.02932551319648094,
    "receivedKBytesPerSec" : 0.3455656616568915,
    "sentKBytesPerSec" : 0.00415253848973607
  },
  "Delete Post" : {
    "transaction" : "Delete Post",
    "sampleCount" : 5,
    "errorCount" : 0,
    "errorPct" : 0.0,
    "meanResTime" : 402.2,
    "medianResTime" : 408.0,
    "minResTime" : 341.0,
    "maxResTime" : 508.0,
    "pct1ResTime" : 508.0,
    "pct2ResTime" : 508.0,
    "pct3ResTime" : 508.0,
    "throughput" : 0.029238911142949037,
    "receivedKBytesPerSec" : 0.037279611707260026,
    "sentKBytesPerSec" : 0.0063674581883570655
  },
  "Total" : {
    "transaction" : "Total",
    "sampleCount" : 85,
    "errorCount" : 5,
    "errorPct" : 5.882353,
    "meanResTime" : 3575.929411764705,
    "medianResTime" : 356.0,
    "minResTime" : 145.0,
    "maxResTime" : 172431.0,
    "pct1ResTime" : 773.0000000000006,
    "pct2ResTime" : 21343.4,
    "pct3ResTime" : 172431.0,
    "throughput" : 0.43041025692960516,
    "receivedKBytesPerSec" : 1.5456346826483904,
    "sentKBytesPerSec" : 0.08876717052094832
  },
  "Options Albums Photos" : {
    "transaction" : "Options Albums Photos",
    "sampleCount" : 5,
    "errorCount" : 0,
    "errorPct" : 0.0,
    "meanResTime" : 471.8,
    "medianResTime" : 408.0,
    "minResTime" : 346.0,
    "maxResTime" : 735.0,
    "pct1ResTime" : 735.0,
    "pct2ResTime" : 735.0,
    "pct3ResTime" : 735.0,
    "throughput" : 0.029203901641259272,
    "receivedKBytesPerSec" : 0.034485701039658895,
    "sentKBytesPerSec" : 0.004249395844284796
  },
  "Post Albums Photos" : {
    "transaction" : "Post Albums Photos",
    "sampleCount" : 5,
    "errorCount" : 0,
    "errorPct" : 0.0,
    "meanResTime" : 401.8,
    "medianResTime" : 345.0,
    "minResTime" : 342.0,
    "maxResTime" : 512.0,
    "pct1ResTime" : 512.0,
    "pct2ResTime" : 512.0,
    "pct3ResTime" : 512.0,
    "throughput" : 0.02927571871889455,
    "receivedKBytesPerSec" : 0.042192486020844314,
    "sentKBytesPerSec" : 0.01183608159142807
  },
  "Post User Posts" : {
    "transaction" : "Post User Posts",
    "sampleCount" : 5,
    "errorCount" : 0,
    "errorPct" : 0.0,
    "meanResTime" : 380.6,
    "medianResTime" : 392.0,
    "minResTime" : 340.0,
    "maxResTime" : 411.0,
    "pct1ResTime" : 411.0,
    "pct2ResTime" : 411.0,
    "pct3ResTime" : 411.0,
    "throughput" : 0.02929218367370851,
    "receivedKBytesPerSec" : 0.04198164917923301,
    "sentKBytesPerSec" : 0.014217007115071414
  },
  "Put Post request" : {
    "transaction" : "Put Post request",
    "sampleCount" : 5,