{
  "Get Post Comments" : {
    "transaction" : "Get Post Comments",
    "sampleCount" : 50,
    "errorCount" : 0,
    "errorPct" : 0.0,
    "meanResTime" : 261.02,
    "medianResTime" : 192.0,
    "minResTime" : 145.0,
    "maxResTime" : 1066.0,
    "pct1ResTime" : 625.2999999999997,
    "pct2ResTime" : 897.7999999999988,
    "pct3ResTime" : 1066.0,
    "throughput" : 0.5081559022308044,
    "receivedKBytesPerSec" : 1.4100333794908277,
    "sentKBytesPerSec" : 0.07245191574775141
  },
  "Post User Todos" : {
    "transaction" : "Post User Todos",
    "sampleCount" : 50,
    "errorCount" : 0,
    "errorPct" : 0.0,
    "meanResTime" : 404.50000000000006,
    "medianResTime" : 351.5,
    "minResTime" : 332.0,
    "maxResTime" : 950.0,
    "pct1ResTime" : 494.2999999999999,
    "pct2ResTime" : 848.2499999999998,
    "pct3ResTime" : 950.0,
    "throughput" : 0.5107304466848487,
    "receivedKBytesPerSec" : 0.7334169016026721,
    "sentKBytesPerSec" : 0.14214665752459166
  },
  "Get Post Comments By Id" : {
    "transaction" : "Get Post Comments By Id",
    "sampleCount" : 50,
    "errorCount" : 0,
    "errorPct" : 0.0,
    "meanResTime" : 240.64000000000001,
    "medianResTime" : 203.5,
    "minResTime" : 141.0,
    "maxResTime" : 694.0,
    "pct1ResTime" : 390.0,
    "pct2ResTime" : 535.9499999999989,
    "pct3ResTime" : 694.0,
    "throughput" : 0.5128362923987404,
    "receivedKBytesPerSec" : 1.422980482732802,
    "sentKBytesPerSec" : 0.07362005369395981
  },
  "Get User Albums " : {
    "transaction" : "Get User Albums ",
    "sampleCount" : 50,
    "errorCount" : 0,
    "errorPct" : 0.0,
    "meanResTime" : 245.33999999999995,
    "medianResTime" : 171.5,
    "minResTime" : 142.0,
    "maxResTime" : 1094.0,
    "pct1ResTime" : 343.69999999999993,
    "pct2ResTime" : 913.3999999999992,
    "pct3ResTime" : 1094.0,
    "throughput" : 0.5082540457022038,
    "receivedKBytesPerSec" : 1.0670853250538748,
    "sentKBytesPerSec" : 0.07147322517687241
  },
  "Get Posts By Id" : {
    "transaction" : "Get Posts By Id",
    "sampleCount" : 50,
    "errorCount" : 19,
    "errorPct" : 38.0,
    "meanResTime" : 233.95999999999998,
    "medianResTime" : 194.0,
    "minResTime" : 144.0,
    "maxResTime" : 1070.0,
    "pct1ResTime" : 290.6,
    "pct2ResTime" : 823.5999999999984,
    "pct3ResTime" : 1070.0,
    "throughput" : 0.5121166806645226,
    "receivedKBytesPerSec" : 0.8173762310004712,
    "sentKBytesPerSec" : 0.06851561059671836
  },
  "Options User Todos" : {
    "transaction" : "Options User Todos",
    "sampleCount" : 50,
    "errorCount" : 0,
    "errorPct" : 0.0,
    "meanResTime" : 415.9000000000001,
    "medianResTime" : 366.0,
    "minResTime" : 328.0,
    "maxResTime" : 1083.0,
    "pct1ResTime" : 516.5,
    "pct2ResTime" : 772.2499999999997,
    "pct3ResTime" : 1083.0,
    "throughput" : 0.5092116385412105,
    "receivedKBytesPerSec" : 0.6017847231416321,
    "sentKBytesPerSec" : 0.07309971764214643
  },
  "Options User Albums " : {
    "transaction" : "Options User Albums ",
    "sampleCount" : 50,
    "errorCount" : 0,
    "errorPct" : 0.0,
    "meanResTime" : 382.84000000000015,
    "medianResTime" : 357.0,
    "minResTime" : 328.0,
    "maxResTime" : 713.0,
    "pct1ResTime" : 411.9,
    "pct2ResTime" : 589.3999999999993,
    "pct3ResTime" : 713.0,
    "throughput" : 0.5095541401273885,
    "receivedKBytesPerSec" : 0.6022691082802548,
    "sentKBytesPerSec" : 0.07364649681528662
  },
  "Get Posts" : {
    "transaction" : "Get Posts",
    "sampleCount" : 50,
    "errorCount" : 0,
    "errorPct" : 0.0,
    "meanResTime" : 530.6000000000001,
    "medianResTime" : 397.5,
    "minResTime" : 290.0,
    "maxResTime" : 1964.0,
    "pct1ResTime" : 980.6999999999999,
    "pct2ResTime" : 1760.4999999999986,
    "pct3ResTime" : 1964.0,
    "throughput" : 0.5092998146148675,
    "receivedKBytesPerSec" : 14.345036061609997,
    "sentKBytesPerSec" : 0.06714401852832726
  },
  "Get User Todos" : {
    "transaction" : "Get User Todos",
    "sampleCount" : 50,
    "errorCount" : 7,
    "errorPct" : 14.0,
    "meanResTime" : 301.2000000000001,
    "medianResTime" : 201.5,
    "minResTime" : 142.0,
    "maxResTime" : 1062.0,
    "pct1ResTime" : 842.4,
    "pct2ResTime" : 969.6499999999993,
    "pct3ResTime" : 1062.0,
    "throughput" : 0.508357395583391,
    "receivedKBytesPerSec" : 1.7902222697395178,
    "sentKBytesPerSec" : 0.07099131598478996
  },
  "Post User Albums " : {
    "transaction" : "Post User Albums ",
    "sampleCount" : 50,
    "errorCount" : 0,
    "errorPct" : 0.0,
    "meanResTime" : 422.15999999999997,
    "medianResTime" : 359.5,
    "minResTime" : 334.0,
    "maxResTime" : 930.0,
    "pct1ResTime" : 823.2999999999995,
    "pct2ResTime" : 893.35,
    "pct3ResTime" : 930.0,
    "throughput" : 0.5100323360501056,
    "receivedKBytesPerSec" : 0.7327730203094877,
    "sentKBytesPerSec" : 0.13049655473156999
  },
  "Post Request" : {
    "transaction" : "Post Request",
    "sampleCount" : 50,
    "errorCount" : 0,
    "errorPct" : 0.0,
    "meanResTime" : 437.71999999999997,
    "medianResTime" : 360.5,
    "minResTime" : 336.0,
    "maxResTime" : 1385.0,
    "pct1ResTime" : 538.5999999999999,
    "pct2ResTime" : 1097.5499999999981,
    "pct3ResTime" : 1385.0,
    "throughput" : 0.5091027573005336,
    "receivedKBytesPerSec" : 0.7440656118906039,
    "sentKBytesPerSec" : 0.12230398271087035
  },
  "Get Albums Photos" : {
    "transaction" : "Get Albums Photos",
    "sampleCount" : 50,
    "errorCount" : 0,
    "errorPct" : 0.0,
    "meanResTime" : 332.69999999999993,
    "medianResTime" : 196.0,
    "minResTime" : 145.0,
    "maxResTime" : 2197.0,
    "pct1ResTime" : 739.6999999999999,
    "pct2ResTime" : 1245.049999999996,
    "pct3ResTime" : 2197.0,
    "throughput" : 0.51277843869221,
    "receivedKBytesPerSec" : 6.042913626317841,
    "sentKBytesPerSec" : 0.07261022813512738
  },
  "Delete Post" : {
    "transaction" : "Delete Post",
    "sampleCount" : 50,
    "errorCount" : 0,
    "errorPct" : 0.0,
    "meanResTime" : 423.8599999999999,
    "medianResTime" : 362.5,
    "minResTime" : 332.0,
    "maxResTime" : 893.0,
    "pct1ResTime" : 715.9,
    "pct2ResTime" : 799.4999999999999,
    "pct3ResTime" : 893.0,
    "throughput" : 0.5091960812269589,
    "receivedKBytesPerSec" : 0.6484393299234169,
    "sentKBytesPerSec" : 0.11088938097032405
  },
  "Total" : {
    "transaction" : "Total",
    "sampleCount" : 850,
    "errorCount" : 26,
    "errorPct" : 3.0588236,
    "meanResTime" : 369.78823529411756,
    "medianResTime" : 346.0,
    "minResTime" : 141.0,
    "maxResTime" : 2197.0,
    "pct1ResTime" : 517.0,
    "pct2ResTime" : 827.4499999999999,
    "pct3ResTime" : 1200.330000000002,
    "throughput" : 8.100175344972174,
    "receivedKBytesPerSec" : 31.49582505944099,
    "sentKBytesPerSec" : 1.6965325889113363
  },
  "Options Albums Photos" : {
    "transaction" : "Options Albums Photos",
    "sampleCount" : 50,
    "errorCount" : 0,
    "errorPct" : 0.0,
    "meanResTime" : 400.70000000000016,
    "medianResTime" : 363.0,
    "minResTime" : 332.0,
    "maxResTime" : 805.0,
    "pct1ResTime" : 510.4,
    "pct2ResTime" : 709.5,
    "pct3ResTime" : 805.0,
    "throughput" : 0.509767138371192,
    "receivedKBytesPerSec" : 0.6024113419365034,
    "sentKBytesPerSec" : 0.07417510118877696
  },
  "Post Albums Photos" : {
    "transaction" : "Post Albums Photos",
    "sampleCount" : 50,
    "errorCount" : 0,
    "errorPct" : 0.0,
    "meanResTime" : 422.0,
    "medianResTime" : 372.0,
    "minResTime" : 333.0,
    "maxResTime" : 975.0,
    "pct1ResTime" : 511.8,
    "pct2ResTime" : 909.3999999999995,
    "pct3ResTime" : 975.0,
    "throughput" : 0.5091597845235791,
    "receivedKBytesPerSec" : 0.7335580372144886,
    "sentKBytesPerSec" : 0.20585170975855643
  },
  "Post User Posts" : {
    "transaction" : "Post User Posts",
    "sampleCount" : 50,
    "errorCount" : 0,
    "errorPct" : 0.0,
    "meanResTime" : 389.7399999999999,